City_ID,City,Lat,Lng,Max Temp,Humidity,Cloudiness,Wind Speed,Country,Date
0,hadithah,34.1397,42.3781,27.07,26,100,3.2,IQ,1681932547
1,olonkinbyen,70.9221,-8.7187,1.9,90,3,7.54,SJ,1681932403
2,waitangi,-43.9535,-176.5597,16.57,93,100,3.58,NZ,1681932410
3,ushuaia,-54.8,-68.3,9.79,81,75,12.35,AR,1681932312
4,tura,25.5198,90.2201,26.66,61,51,4.12,IN,1681932466
5,adamstown,-25.066,-130.1015,24.91,75,46,3.33,PN,1681932131
6,hawaiian paradise park,19.5933,-154.9731,24.94,93,40,7.2,US,1681932414
7,blackmans bay,-43.0167,147.3167,9.85,74,86,3.8,AU,1681932412
8,mata de sao joao,-12.5303,-38.2992,29.86,62,74,2.69,BR,1681932549
9,port-aux-francais,-49.35,70.2167,5.02,76,74,16.37,TF,1681932404
10,taksimo,56.3444,114.8794,-7.0,69,100,1.91,RU,1681932550
11,sona,45.4388,10.8255,14.88,89,75,3.09,IT,1681932028
12,laguna,38.421,-121.4238,17.38,47,0,3.6,US,1681932550
13,greymouth,-42.4667,171.2,11.62,92,100,2.39,NZ,1681932551
14,qaqortoq,60.7167,-46.0333,0.97,89,85,1.81,GL,1681932412
15,anadyr,64.75,177.4833,-3.72,85,40,4.0,RU,1681932404
16,ribeira grande,38.5167,-28.7,15.43,77,40,6.17,PT,1681932412
17,tidjikja,18.5564,-11.4271,32.71,14,26,3.03,MR,1681932179
18,zyryanskoye,56.8306,86.6258,-6.01,92,100,3.41,RU,1681932553
19,thompson,55.7435,-97.8558,-0.91,51,75,6.17,CA,1681932406
20,mar del plata,-38.0023,-57.5575,15.53,62,40,7.2,AR,1681932553
21,kindu,-2.95,25.95,22.93,95,100,1.5,CD,1681932553
22,ust-nera,64.5667,143.2,-15.63,100,100,3.09,RU,1681932439
23,avarua,-21.2078,-159.775,25.03,88,100,3.09,CK,1681932406
24,port elizabeth,-33.918,25.5701,21.29,75,0,3.09,ZA,1681932209
25,natal,-5.795,-35.2094,31.36,74,20,5.66,BR,1681932554
26,arkhangel'sk,64.5401,40.5433,3.06,80,40,3.0,RU,1681932480
27,badger,64.8,-147.5333,-0.72,52,40,3.09,US,1681932404
28,haiku-pauwela,20.9219,-156.3051,22.25,94,100,7.72,US,1681932077
29,bredasdorp,-34.5322,20.0403,17.24,67,100,1.08,ZA,1681932410
30,atafu village,-8.5421,-172.5159,28.13,72,100,3.22,TK,1681932411
31,afaahiti,-17.75,-149.2833,27.93,79,100,7.79,PF,1681932408
32,jamestown,42.097,-79.2353,13.07,56,0,2.57,US,1681932174
33,bethel,41.3712,-73.414,14.38,50,75,5.66,US,1681932402
34,minas de marcona,-15.2119,-75.1103,21.63,55,1,5.97,PE,1681932481
35,ambon,-3.6954,128.1814,25.08,94,20,2.57,ID,1681932555
36,west island,-12.1568,96.8225,26.86,83,100,9.88,CC,1681932411
37,longyearbyen,78.2186,15.6401,-7.09,63,20,6.69,SJ,1681932414
38,fort mcmurray,56.7268,-111.381,0.77,93,100,4.12,CA,1681932556
39,richards bay,-28.783,32.0377,21.93,83,0,5.64,ZA,1681932557
40,puerto ayora,-0.7393,-90.3518,29.98,100,100,3.13,EC,1681932416
41,kununurra,-15.7667,128.7333,24.99,50,1,5.14,AU,1681932412
42,yellowknife,62.456,-114.3525,3.29,48,0,4.12,CA,1681932405
43,dudinka,69.4058,86.1778,-20.8,100,100,2.1,RU,1681932416
44,bauru,-22.3147,-49.0606,27.52,36,0,4.63,BR,1681932558
45,broken hill,-31.95,141.4333,10.81,66,1,6.28,AU,1681932471
46,ilulissat,69.2167,-51.1,-4.99,86,100,2.57,GL,1681932412
47,amahai,-3.3333,128.9167,25.58,88,2,1.1,ID,1681932558
48,faranah,10.0404,-10.7434,33.68,28,100,2.94,GN,1681932559
49,kruisfontein,-34.0033,24.7314,18.82,64,100,1.2,ZA,1681932463
50,isafjordur,66.0755,-23.124,7.72,95,100,0.79,IS,1681932413
51,punta arenas,-53.15,-70.9167,12.01,62,40,16.98,CL,1681932409
52,udachny,66.4167,112.4,-18.02,100,98,1.77,RU,1681932436
53,howrah,22.5892,88.3103,30.0,84,40,4.12,IN,1681932465
54,vilyuysk,63.7553,121.6247,-14.96,99,91,1.47,RU,1681932466
55,rongelap,11.1635,166.8941,26.03,84,98,9.27,MH,1681932405
56,utrik,11.2278,169.8474,26.52,79,100,9.03,MH,1681932409
57,puerto natales,-51.7236,-72.4875,13.25,50,75,14.4,CL,1681932403
58,invercargill,-46.4,168.35,11.68,82,91,0.89,NZ,1681932312
59,floro,61.5996,5.0328,14.04,58,0,0.0,NO,1681932561
60,ylitornio,66.3089,23.6773,1.35,100,100,0.67,FI,1681932561
61,edinburgh of the seven seas,-37.0676,-12.3116,17.97,72,100,9.37,SH,1681932403
62,mambusao,11.4289,122.5961,24.42,83,75,0.59,PH,1681932561
63,petropavlovsk-kamchatsky,53.0452,158.6483,1.33,75,75,4.0,RU,1681932446
64,san julian,21.0167,-102.1667,29.0,12,85,6.17,MX,1681932561
65,codrington,-38.2667,141.9667,11.16,82,100,3.8,AU,1681932417
66,tonj,7.2737,28.6822,29.45,49,64,2.85,SS,1681932562
67,antofagasta,-23.65,-70.4,19.6,72,15,3.37,CL,1681932364
68,yemva,62.59,50.8594,-1.13,96,91,1.44,RU,1681932563
69,yung shue wan,22.2333,114.1167,23.75,95,90,4.61,HK,1681932563
70,malango,-2.9627,119.9001,19.69,98,100,0.68,ID,1681932564
71,enewetak,11.3474,162.3373,26.42,81,100,10.62,MH,1681932408
72,namibe,-15.1961,12.1522,25.78,71,36,4.09,AO,1681932414
73,aden,12.7794,45.0367,27.98,77,2,8.09,YE,1681932564
74,khedbrahma,24.0333,73.05,27.96,31,39,0.99,IN,1681932565
75,tazovsky,67.4667,78.7,-10.41,97,100,1.99,RU,1681932412
76,remire-montjoly,4.9167,-52.2667,25.02,94,75,2.57,GF,1681932424
77,albany,42.6001,-73.9662,7.42,64,96,0.45,US,1681932412
78,aasiaat,68.7098,-52.8699,-7.68,79,98,3.14,GL,1681932420
79,vadso,70.0744,29.7487,5.49,81,75,2.57,NO,1681932448
80,kalmunai,7.4167,81.8167,26.99,80,66,4.12,LK,1681932566
81,agapovka,53.2973,59.1348,6.08,84,72,1.39,RU,1681932566
82,qarazhal,48.0078,70.7903,3.77,65,79,3.29,KZ,1681932566
83,abepura,-2.6333,140.5833,23.45,94,20,2.57,ID,1681932461
84,port mathurin,-19.6833,63.4167,26.04,77,38,9.02,MU,1681932404
85,grytviken,-54.2811,-36.5092,3.07,93,100,1.9,GS,1681932414
86,gaalkacyo,6.7697,47.4308,27.94,57,11,7.73,SO,1681932567
87,rumyantsevo,55.9728,36.5342,7.82,61,92,2.4,RU,1681932567
88,hamilton,39.1834,-84.5333,27.04,35,0,5.14,US,1681932240
89,santa cruz,-17.8,-63.1667,22.03,88,100,5.14,BO,1681932568
90,olyokminsk,60.3736,120.4264,-7.82,95,100,0.77,RU,1681932568
91,esquipulas,14.5667,-89.35,32.0,35,75,2.06,GT,1681932569
92,zdunska wola,51.5992,18.9397,7.99,95,100,0.89,PL,1681932569
93,samana,19.2056,-69.3369,32.12,62,40,4.12,DO,1681932569
94,klyuchi,52.2667,79.1667,-6.59,84,4,3.52,RU,1681932419
95,brookings,44.3114,-96.7984,13.19,83,100,5.66,US,1681932346
96,wailua homesteads,22.0669,-159.378,25.07,71,20,3.6,US,1681932402
97,lebu,-37.6167,-73.65,15.02,79,100,8.55,CL,1681932403
98,thunder bay,48.4001,-89.3168,4.99,30,75,5.14,CA,1681932457
99,college,64.8569,-147.8028,-0.67,54,40,3.09,US,1681932418
100,vrede,-27.4257,29.1659,12.09,32,0,1.05,ZA,1681932570
101,stanley,54.868,-1.6985,7.66,88,20,4.12,GB,1681932404
102,iqaluit,63.7506,-68.5145,-9.15,92,100,0.0,CA,1681932402
103,suva,-18.1416,178.4415,23.71,100,20,1.54,FJ,1681932359
104,kosong,38.3788,128.4676,21.27,80,90,3.64,KR,1681932570
105,oodweyne,9.4092,45.064,27.74,33,0,2.63,SO,1681932571
106,labytnangi,66.6572,66.4183,-10.77,92,100,2.67,RU,1681932571
107,basco,20.4487,121.9702,26.66,87,98,5.7,PH,1681932571
108,reggane,26.7158,0.1714,32.34,11,0,7.11,DZ,1681932472
109,kungur,57.4368,56.9593,5.38,65,73,2.57,RU,1681932573
110,margate,51.3813,1.3862,9.94,76,0,4.47,GB,1681932524
111,taltal,-25.4,-70.4833,21.02,67,24,2.08,CL,1681932573
112,coquimbo,-29.9533,-71.3436,18.85,68,0,6.69,CL,1681932573
113,pariaman,-0.619,100.12,24.03,86,100,0.61,ID,1681932573
114,margaret river,-33.95,115.0667,12.78,62,0,3.41,AU,1681932413
115,bac lieu,9.285,105.7244,28.35,75,8,3.41,VN,1681932408
116,rufino,-34.2683,-62.7126,24.32,30,1,8.53,AR,1681932575
117,port douglas,-16.4833,145.4667,23.94,83,14,2.43,AU,1681932481
118,el obeid,13.1842,30.2167,29.49,7,0,3.96,SD,1681932576
119,lospalos,-8.5186,127.0025,21.07,89,41,2.52,TL,1681932576
120,karratha,-20.7377,116.8463,23.57,36,5,6.0,AU,1681932418
121,wingham,43.8879,-81.3114,6.89,71,99,3.3,CA,1681932571
122,mancio lima,-7.6142,-72.8958,35.04,52,75,2.57,BR,1681932470
123,luganville,-15.5333,167.1667,24.75,85,96,0.25,VU,1681932469
124,sungai penuh,-2.0833,101.3833,18.74,98,100,0.8,ID,1681932577
125,along,28.1667,94.7667,19.82,83,54,1.04,IN,1681932578
126,chengde,40.9725,117.9361,14.67,46,100,4.21,CN,1681932474
127,capo d'orlando,38.1435,14.7305,14.12,77,9,2.44,IT,1681932578
128,sirte,31.2089,16.5887,18.77,58,5,8.14,LY,1681932578
129,carnarvon,-24.8667,113.6333,23.96,42,79,5.92,AU,1681932467
130,kodiak,57.79,-152.4072,3.73,65,75,5.14,US,1681932149
131,port augusta,-32.5,137.7667,12.98,69,0,3.75,AU,1681932461
132,awash,8.9833,40.1667,26.73,49,7,4.91,ET,1681932579
133,nagqu,31.5,92.0,3.2,49,100,3.97,CN,1681932579
134,chernyshevskiy,63.0128,112.4714,-10.18,89,100,2.8,RU,1681932579
135,hadibu,12.65,54.0333,28.08,71,19,3.06,YE,1681932474
136,georgetown,5.4112,100.3354,28.97,77,20,1.54,MY,1681932402
137,inhambane,-23.865,35.3833,20.99,94,20,1.54,MZ,1681932459
138,hammerfest,70.6634,23.6821,5.25,93,75,10.29,NO,1681932580
139,iskateley,67.6803,53.1512,0.22,98,100,7.56,RU,1681932580
140,glace bay,46.1969,-59.957,15.25,64,75,6.17,CA,1681932418
141,dwarka,22.2394,68.9678,27.13,73,9,5.02,IN,1681932422
142,antonio enes,-16.2325,39.9086,25.17,75,18,2.6,MZ,1681932580
143,saldanha,-33.0117,17.9442,15.03,83,100,4.24,ZA,1681932401
144,wuzhen,30.7454,120.4851,17.14,91,100,2.29,CN,1681932581
145,new plymouth,-39.0667,174.0833,19.34,95,90,2.8,NZ,1681932581
146,ancud,-41.8697,-73.8203,14.76,87,89,2.37,CL,1681932422
147,todos santos,23.45,-110.2167,20.25,76,100,4.95,MX,1681932581
148,banda aceh,5.5577,95.3222,27.14,80,92,3.7,ID,1681932162
149,mili,6.0815,171.735,27.66,80,100,6.55,MH,1681932581
150,nea ionia,38.0373,23.7595,16.31,76,75,2.68,GR,1681932581
151,victoria,22.2855,114.1577,24.1,94,93,3.58,HK,1681932407
152,squamish,49.7014,-123.1512,8.99,83,100,1.03,CA,1681932581
153,constantia,44.1833,28.65,10.39,93,100,4.11,RO,1681932405
154,san felice circeo,41.2372,13.0942,13.92,96,0,1.66,IT,1681932582
155,pisco,-13.7,-76.2167,25.03,69,0,7.72,PE,1681932285
156,tiksi,71.6872,128.8694,-23.1,100,100,1.67,RU,1681932402
157,st. john's,47.5649,-52.7093,3.21,87,100,8.23,CA,1681932331
158,al hufuf,25.3646,49.5653,23.19,46,0,1.54,SA,1681932582
159,chegdomyn,51.1167,133.0167,0.4,64,100,1.6,RU,1681932411
160,savanna-la-mar,18.219,-78.1332,29.97,73,25,0.48,JM,1681932582
161,bilibino,68.0546,166.4372,-6.58,92,100,0.99,RU,1681932465
162,fort bragg,35.139,-79.006,30.67,24,0,2.06,US,1681932410
163,sao gabriel da cachoeira,-0.1303,-67.0892,32.89,62,20,3.6,BR,1681932582
164,barra de santo antonio,-9.4047,-35.5072,30.6,74,15,7.15,BR,1681932582
165,castillos,-34.1667,-53.8333,13.81,81,76,4.12,UY,1681932582
166,ciudad lazaro cardenas,17.9583,-102.2,29.07,57,41,5.07,MX,1681932583
167,huancavelica,-12.7667,-74.9833,11.36,59,36,3.81,PE,1681932583
168,tolanaro,-25.0319,46.9987,24.04,88,20,3.09,MG,1681932404
169,susuman,62.7833,148.1667,-13.77,98,100,2.19,RU,1681932421
170,yerofey pavlovich,53.9667,121.9667,-3.01,61,100,4.32,RU,1681932452
171,suzhou,31.3114,120.6181,17.11,88,100,2.5,CN,1681932583
172,colares,38.7992,-9.4469,18.55,72,20,6.71,PT,1681932084
173,pestretsy,55.7531,49.6545,9.08,74,99,2.17,RU,1681932583
174,lengshuitan,26.4111,111.5956,20.99,89,0,0.68,CN,1681932583
175,liaoyuan,42.9036,125.1358,14.23,48,100,7.81,CN,1681932583
176,nova vicosa,-17.8919,-39.3719,30.27,72,8,7.04,BR,1681932436
177,lihue,21.9789,-159.3672,25.41,72,20,3.6,US,1681932434
178,kitami,43.8031,143.8908,5.07,88,96,1.61,JP,1681932584
179,kristinehamn,59.3098,14.1081,9.31,57,1,2.41,SE,1681932584
180,tralee,52.2704,-9.7026,10.58,85,94,3.34,IE,1681932584
181,yuzhno-kurilsk,44.0306,145.8556,3.56,83,52,2.07,RU,1681932404
182,kapuskasing,49.4169,-82.4331,-0.95,74,75,8.23,CA,1681932415
183,port macquarie,-31.4333,152.9167,14.94,82,92,3.4,AU,1681932401
184,amga,60.8953,131.9608,-6.59,97,100,0.94,RU,1681932459
185,kerikeri,-35.2268,173.9474,19.95,97,94,1.34,NZ,1681932410
186,saint-francois,46.4154,3.9054,14.69,55,0,3.09,FR,1681932584
187,bastia,42.6667,9.3333,14.61,78,20,1.03,FR,1681932584
188,mpanda,-6.3655,31.0409,18.67,95,53,1.18,TZ,1681932584
189,priob'ye,62.5206,65.5964,-4.75,96,100,2.46,RU,1681932585
190,sangola,17.4333,75.2,34.04,19,33,3.35,IN,1681932585
191,camana,-16.6228,-72.7111,22.77,70,7,3.38,PE,1681932585
192,notodden,59.5594,9.2585,9.28,63,7,1.99,NO,1681932583
193,cole harbour,44.6724,-63.4751,13.66,69,40,5.14,CA,1681932585
194,port alfred,-33.5906,26.891,22.88,78,75,3.79,ZA,1681932467
195,papatowai,-46.5619,169.4708,9.03,94,96,2.75,NZ,1681932402
196,cockburn town,21.4612,-71.1419,26.09,75,0,5.32,TC,1681932585
197,guarapari,-20.6667,-40.4975,33.27,72,100,2.93,BR,1681932585
198,itoman,26.1247,127.6694,23.43,98,100,4.12,JP,1681932420
199,kemalpasa,38.4262,27.4173,13.32,82,21,1.63,TR,1681932585
200,hermanus,-34.4187,19.2345,14.33,79,100,2.1,ZA,1681932411
201,hyderabad,17.3753,78.4744,28.73,42,40,2.57,IN,1681932501
202,i-n-salah,27.1935,2.4607,30.95,15,8,4.25,DZ,1681932416
203,kailua-kona,19.6406,-155.9956,24.98,94,100,10.8,US,1681932342
204,buala,-8.145,159.5921,25.51,79,8,1.17,SB,1681932586
205,limon,10.0,-83.0333,29.94,66,0,3.09,CR,1681932586
206,shingu,33.7333,135.9833,17.01,92,100,1.87,JP,1681932586
207,pathein,16.7833,94.7333,26.55,82,0,3.83,MM,1681932464
208,tenenkou,14.4572,-4.9169,35.98,8,100,1.84,ML,1681932586
209,fort st. john,56.2499,-120.8529,3.94,65,100,2.57,CA,1681932129
210,faya-largeau,17.9257,19.1043,36.09,8,76,4.43,TD,1681932586
211,naolinco de victoria,19.65,-96.85,26.84,48,100,2.59,MX,1681932586
212,nhamunda,-2.1861,-56.7131,29.22,77,96,0.25,BR,1681932586
213,alice springs,-23.7,133.8833,10.75,87,0,4.63,AU,1681932379
214,kendari,-3.945,122.4989,24.05,95,100,1.57,ID,1681932587
215,ciudad guadalupe victoria,24.4497,-104.1225,26.4,14,69,5.4,MX,1681932338
216,petoskey,45.3733,-84.9553,8.17,73,100,2.24,US,1681932587
217,flying fish cove,-10.4217,105.6791,26.67,80,86,7.98,CX,1681932429
218,sur,22.5667,59.5289,26.85,69,65,5.16,OM,1681932587
219,homnabad,17.7667,77.1333,31.35,27,16,2.19,IN,1681932587
220,retreat,38.8245,-85.8533,27.08,46,100,5.7,US,1681932587
221,ta`u,-14.2336,-169.5144,28.46,76,97,8.69,AS,1681932587
222,cooma,-36.2333,149.1333,7.4,93,65,0.3,AU,1681932587
223,bell ville,-32.6259,-62.6887,25.93,33,5,8.81,AR,1681932587
224,whitehorse,60.7161,-135.0538,5.57,64,75,0.0,CA,1681932242
225,fortuna,40.5982,-124.1573,13.85,58,14,1.34,US,1681931998
226,lorengau,-2.0226,147.2712,26.6,79,51,2.17,PG,1681932422
227,as safirah,36.077,37.3725,21.93,40,100,2.33,SY,1681932588
228,palangkaraya,-2.2,113.8333,24.21,97,100,0.46,ID,1681932588
229,alofi,-19.0595,-169.9187,24.94,100,100,3.09,NU,1681932588
230,peterborough,52.5736,-0.2478,9.97,66,0,8.75,GB,1681932588
231,san andres,12.5847,-81.7006,31.01,62,20,5.14,CO,1681932588
232,yeniseysk,58.4497,92.1703,-8.18,95,99,1.71,RU,1681932588
233,brisas de zicatela,15.8369,-97.0419,31.29,62,0,5.14,MX,1681932588
234,chenaran,36.6455,59.1212,10.1,18,0,3.13,IR,1681932588
235,bathsheba,13.2167,-59.5167,29.34,65,40,6.17,BB,1681932588
236,branson,36.6437,-93.2185,26.29,62,75,5.14,US,1681932588
237,la sarre,48.8002,-79.1996,-1.24,70,100,4.9,CA,1681932589
238,hede,33.7681,120.2517,14.71,98,1,2.94,CN,1681932589
239,uturoa,-16.7333,-151.4333,27.93,79,87,7.19,PF,1681932419
240,katsuura,35.1333,140.3,17.1,94,100,3.8,JP,1681932448
241,villena,38.6373,-0.8657,14.47,62,100,1.84,ES,1681932589
242,charnay-les-macon,46.3075,4.7848,12.94,74,0,1.73,FR,1681932589
243,cabo san lucas,22.8909,-109.9124,28.12,65,40,3.6,MX,1681932462
244,sao vicente,-23.9631,-46.3919,29.1,51,40,2.24,BR,1681932590
245,hirara,24.8,125.2833,25.15,94,100,8.23,JP,1681932483
246,ashmun,30.2986,30.9764,23.47,68,5,6.81,EG,1681932590
247,leongatha,-38.4833,145.95,8.47,81,98,1.72,AU,1681932590
248,durango,24.8333,-104.8333,26.52,14,100,6.69,MX,1681932279
249,gadzhiyevo,69.2551,33.3362,2.88,93,100,8.25,RU,1681932407
250,vorkuta,67.5,64.0,-6.28,96,100,3.72,RU,1681932133
251,al qubbah,32.7616,22.2424,10.67,84,2,6.87,LY,1681932591
252,bowen,-20.0167,148.2333,21.83,82,98,3.62,AU,1681932591
253,nelson,-41.2833,173.2833,11.83,94,33,1.36,NZ,1681932591
254,singkil,-7.9855,111.4161,23.94,92,11,1.55,ID,1681932591
255,rustaq,23.3908,57.4244,27.31,39,100,0.44,OM,1681932591
256,biloela,-24.4167,150.5,16.06,86,45,2.64,AU,1681932462
257,mahalapye,-23.1041,26.8142,20.15,32,0,2.14,BW,1681932592
258,rio grande,-32.035,-52.0986,15.06,52,100,8.21,BR,1681932592
259,kisangani,0.5167,25.2,26.48,64,96,0.39,CD,1681932592
260,borgarnes,64.5383,-21.9206,11.03,86,100,1.7,IS,1681932592
261,masterton,-40.9597,175.6575,15.8,98,100,1.13,NZ,1681932592
262,narvik,68.4384,17.4272,6.88,96,100,2.66,NO,1681932592
263,usinsk,65.9939,57.5281,-1.36,96,100,5.59,RU,1681932592
264,dalandzadgad,43.5708,104.425,2.87,12,90,3.71,MN,1681932592
265,la passe,45.5549,-0.8967,19.13,70,0,3.99,FR,1681932421
266,joshimath,30.5667,79.5667,12.89,90,100,0.66,IN,1681932592
267,san ramon,37.7799,-121.978,16.32,48,0,5.66,US,1681932532
268,itamaraca,-7.7478,-34.8256,30.03,73,74,3.71,BR,1681932593
269,san jose de mayo,-34.3375,-56.7136,15.0,67,99,7.21,UY,1681932593
270,lepsy,46.235,78.9456,3.25,69,0,6.14,KZ,1681932593
271,kincardine,56.0667,-3.7167,11.99,74,9,3.87,GB,1681932448
272,mount pearl,47.5166,-52.7813,2.75,87,100,8.23,CA,1681932593
273,askoy,60.4092,5.226,13.86,52,0,4.63,NO,1681932593
274,fraserburgh,57.6874,-2.0184,8.57,80,1,3.6,GB,1681932571
275,las heras,-46.5419,-68.9359,21.54,39,100,10.6,AR,1681932593
276,tobias barreto,-11.1839,-37.9983,33.67,44,31,6.89,BR,1681932593
277,yaren,-0.5472,166.916,28.69,72,100,5.65,NR,1681932593
278,idri,27.5,13.2667,24.11,18,0,4.79,LY,1681932594
279,vilyuchinsk,52.9306,158.4028,2.15,81,100,3.64,RU,1681932408
280,port-gentil,-0.7193,8.7815,28.6,78,100,3.93,GA,1681932594
281,palmer,42.1584,-72.3287,11.47,52,75,6.17,US,1681932452
282,tvoroyri,61.5556,-6.8111,8.12,82,0,6.13,FO,1681932594
283,hithadhoo,-0.6,73.0833,28.74,70,100,1.52,MV,1681932461
284,kapa'a,22.0752,-159.319,25.82,71,20,3.6,US,1681932489
285,colonia,50.9333,6.95,12.76,32,0,4.63,DE,1681932353
286,wyrzysk,53.153,17.268,8.0,95,94,4.47,PL,1681932594
287,wajir,1.7471,40.0573,29.4,61,93,2.61,KE,1681932594
288,prince george,53.9166,-122.753,9.03,49,0,2.57,CA,1681932473
289,la ronge,55.1001,-105.2842,3.14,32,75,8.75,CA,1681932594
290,roslyakovo,69.043,33.1991,4.4,89,100,6.91,RU,1681932594
291,ayancik,41.9447,34.5861,12.67,90,58,0.34,TR,1681932595
292,lamu,-2.2717,40.902,28.12,74,100,5.97,KE,1681932406
293,vorgashor,67.5833,63.95,-6.64,97,100,3.62,RU,1681932403
294,poiana lacului,44.8167,24.7333,9.83,88,99,2.76,RO,1681932595
295,yatou,37.15,122.3833,11.34,94,64,4.84,CN,1681932595
296,nadi,-17.8,177.4167,23.0,94,20,1.54,FJ,1681932441
297,airuk,7.2772,168.8203,27.91,79,100,6.35,MH,1681932595
298,akureyri,65.6835,-18.0878,14.96,55,40,3.09,IS,1681932475
299,portland,45.5234,-122.6762,8.6,85,75,4.63,US,1681932083
300,tsiombe,-25.3,45.4833,23.32,88,100,5.46,MG,1681932595
301,napier,-39.4833,176.9167,15.16,95,21,0.45,NZ,1681932595
302,salalah,17.0151,54.0924,29.05,70,40,2.57,OM,1681932545
303,banswara,23.55,74.45,30.0,27,5,2.42,IN,1681932007
304,kalemie,-5.9475,29.1947,22.74,83,8,1.54,CD,1681932596
305,igarka,67.4667,86.5833,-18.64,99,99,1.01,RU,1681932596
306,corumba,-19.0092,-57.6533,30.84,65,40,4.12,BR,1681932596
307,ende,-8.8432,121.6623,24.81,85,100,2.74,ID,1681932596
308,adelaide,-34.9333,138.6,14.62,74,69,1.34,AU,1681932486
309,ketchikan,55.3422,-131.6461,12.26,37,20,6.17,US,1681932432
310,iwanai,42.9744,140.5089,5.75,85,100,2.78,JP,1681932596
311,ayr,55.4627,-4.6339,12.99,47,0,6.69,GB,1681932521
312,dunay,42.8803,132.3375,6.25,84,100,7.03,RU,1681932596
313,tuscaloosa,33.2098,-87.5692,30.61,27,0,0.45,US,1681932500
314,kimbe,-5.5502,150.1429,23.96,93,89,1.5,PG,1681932456
315,dongola,19.1667,30.4833,31.66,7,0,4.14,SD,1681932597
316,lazaro cardenas,17.9583,-102.2,29.07,57,41,5.07,MX,1681932597
317,prince rupert,54.3161,-130.3201,10.05,48,0,7.72,CA,1681932327
318,palikir - national government center,6.9248,158.1611,24.41,94,100,4.63,FM,1681932597
319,arhavi,41.3492,41.3069,22.95,65,98,5.31,TR,1681932597
320,pergamino,-33.89,-60.5736,20.66,30,5,8.05,AR,1681932597
321,ibiza,38.9088,1.433,16.79,75,0,3.09,ES,1681932528
322,nemuro,43.3236,145.575,3.79,91,99,3.42,JP,1681932449
323,alto araguaia,-17.3147,-53.2153,23.92,87,100,4.59,BR,1681932597
324,tatsinskiy,48.1968,41.2756,12.95,57,100,6.88,RU,1681932597
325,grootfontein,-19.5667,18.1167,20.68,32,19,3.06,NA,1681932597
326,revda,56.801,59.9303,2.02,66,100,1.54,RU,1681932408
327,gorom-gorom,14.4439,-0.2361,32.86,6,85,0.87,BF,1681932598
328,nova sintra,14.8667,-24.7167,20.33,77,91,6.44,CV,1681932406
329,weno,7.4515,151.8468,26.97,83,100,3.09,FM,1681932406
330,imbert,19.7537,-70.8291,34.1,56,1,4.65,DO,1681932598
331,foca,38.6703,26.7566,13.91,71,24,3.36,TR,1681932598
332,eyl,7.9803,49.8164,28.17,71,11,5.83,SO,1681932598
333,mwene-ditu,-7.0,23.45,20.3,93,56,1.61,CD,1681932598
334,huangpi,30.8845,114.3779,24.06,78,0,2.0,CN,1681932349
335,daru,-9.0763,143.2092,25.0,87,92,2.16,PG,1681932402
336,keflavik,64.0049,-22.5624,10.95,93,75,11.32,IS,1681932598
337,crane,31.3974,-102.3501,30.48,9,0,5.65,US,1681932486
338,gewane,10.1664,40.6453,31.02,41,7,2.75,ET,1681932598
339,aurora,39.7294,-104.8319,18.08,24,75,13.89,US,1681932398
340,buka,40.8108,69.1986,9.7,52,2,0.99,UZ,1681932599
341,saryozek,44.3583,77.9753,0.61,44,0,2.12,KZ,1681932599
342,volksrust,-27.3654,29.8818,10.23,34,0,1.12,ZA,1681932599
343,suntar,62.1444,117.6319,-11.7,97,100,1.27,RU,1681932599
344,nar'yan-mar,67.6713,53.087,0.28,98,100,7.59,RU,1681932408
345,pangody,65.85,74.4859,-12.97,96,100,1.94,RU,1681932599
346,gokwe,-18.2048,28.9349,20.14,50,64,0.91,ZW,1681932599
347,manteno,41.2506,-87.8314,24.99,42,0,7.72,US,1681932599
348,ebon,4.582,168.6964,27.85,80,73,6.8,MH,1681932432
349,adolfo lopez mateos,28.4667,-107.3,21.07,11,97,8.49,MX,1681932599
350,galveston,29.3669,-94.9669,28.92,71,40,5.66,US,1681931998
351,beinamar,8.6698,15.3813,34.1,29,98,2.84,TD,1681932600
352,aykhal,66.0,111.5,-15.82,100,100,2.29,RU,1681932466
353,magadan,59.5667,150.8,-3.68,75,100,4.68,RU,1681932600
354,bikenibeu village,1.3673,173.1241,27.98,83,20,1.54,KI,1681932447
355,soio,-6.1349,12.3689,27.25,90,95,3.63,AO,1681932600
356,puerto carreno,6.189,-67.4859,36.07,31,99,1.35,CO,1681932601
357,molochnoye,59.2917,39.6787,5.04,76,70,2.61,RU,1681932601
358,thames,-37.1333,175.5333,18.28,92,90,1.47,NZ,1681932602
359,pleasanton,37.6624,-121.8747,16.47,49,0,3.6,US,1681932403
360,lata,40.1629,-8.3327,16.15,63,11,2.06,PT,1681932410
361,kudahuvadhoo,2.6708,72.8944,28.67,70,100,0.68,MV,1681932433
362,nago,26.5881,127.9761,23.47,89,100,7.19,JP,1681932606
363,mokshan,53.4365,44.6132,12.88,44,88,2.82,RU,1681932606
364,villa ojo de agua,-29.5,-63.6938,26.37,23,4,5.29,AR,1681932607
365,padang,-0.9492,100.3543,24.03,92,100,1.2,ID,1681932607
366,egilsstadir,65.2653,-14.3948,13.95,54,0,2.06,IS,1681932427
367,chulakkurgan,43.765,69.1814,6.62,24,0,4.14,KZ,1681932608
368,saynshand,44.8824,110.1163,1.67,23,16,0.96,MN,1681932461
369,tutong,4.8,114.65,25.05,83,71,4.03,BN,1681932609
370,motueka,-41.1333,173.0167,12.28,78,62,0.71,NZ,1681932610
371,san clemente del tuyu,-36.3569,-56.7235,15.57,60,31,9.98,AR,1681932299
372,robertsport,6.7533,-11.3686,28.17,82,12,3.47,LR,1681932611
373,kayenta,36.7278,-110.2546,10.04,24,0,10.77,US,1681932611
374,talnakh,69.4865,88.3972,-16.69,92,97,2.47,RU,1681932422
375,nuuk,64.1835,-51.7216,0.34,74,75,4.12,GL,1681932611
376,quellon,-43.1167,-73.6167,14.14,100,100,2.06,CL,1681932420
377,chonchi,-42.6128,-73.8092,17.56,94,100,0.58,CL,1681932402
378,koulikoro,14.0,-7.75,32.34,10,82,3.31,ML,1681932612
379,kudymkar,59.0173,54.656,2.13,69,6,2.08,RU,1681932612
380,new norfolk,-42.7826,147.0587,10.51,76,100,2.14,AU,1681932406
381,mikuni,36.2171,136.1519,11.95,91,50,4.17,JP,1681932613
382,xindian,36.7975,118.2944,16.0,42,7,3.82,CN,1681932613
383,chos malal,-37.3781,-70.2709,24.84,23,95,3.44,AR,1681932535
384,kourou,5.1552,-52.6478,25.03,89,92,3.76,GF,1681932529
385,bodaybo,57.8506,114.1933,-12.09,94,100,1.38,RU,1681932614
386,xining,36.6167,101.7667,7.02,40,100,2.48,CN,1681932614
387,saint-philippe,-21.3585,55.7679,24.77,92,52,2.76,RE,1681932614
388,russkiy,43.0147,131.8642,9.92,95,100,4.31,RU,1681932614
389,hasaki,35.7333,140.8333,16.22,93,100,4.26,JP,1681932403
390,tariba,7.8188,-72.2243,24.31,88,90,0.87,VE,1681932614
391,saudarkrokur,65.7461,-19.6394,9.99,84,100,5.66,IS,1681932615
392,kafr ash shaykh,31.1143,30.9401,16.2,77,39,4.48,EG,1681932615
393,lincoln,40.8,-96.667,26.95,58,75,4.12,US,1681932099
394,mokhsogollokh,61.4681,128.9203,-4.5,93,100,2.95,RU,1681932615
395,gardnerville ranchos,38.8882,-119.7413,10.92,22,0,4.47,US,1681932615
396,amalapuram,16.5833,82.0167,25.25,85,10,0.44,IN,1681932615
397,rabo de peixe,37.8,-25.5833,16.73,82,40,10.29,PT,1681932616
398,sittwe,20.15,92.9,28.55,74,100,1.24,MM,1681932616
399,anori,-3.7728,-61.6442,29.09,79,100,1.84,BR,1681932616
400,teknaf,20.8624,92.3058,25.49,90,13,1.55,BD,1681932616
401,mitsamiouli,-11.3847,43.2844,27.98,79,100,6.93,KM,1681932616
402,khandud,36.9513,72.318,-0.72,87,100,0.85,AF,1681932617
403,la foa,-21.7108,165.8276,22.66,87,0,1.55,NC,1681932617
404,kolonia,50.9333,6.95,12.76,32,0,4.63,DE,1681932353
405,sanski most,44.7653,16.6656,8.15,93,43,0.82,BA,1681932617
406,maamba,-17.3667,27.15,21.05,59,45,1.48,ZM,1681932618
407,bonnyville,54.2668,-110.735,0.89,58,100,4.41,CA,1681932618
408,guangyuan,32.442,105.823,20.52,79,56,1.35,CN,1681932618
409,geraldton,-28.7667,114.6,18.23,48,80,4.12,AU,1681932410
410,port alberni,49.2413,-124.8028,7.74,81,100,1.79,CA,1681932420
411,aswan,24.0934,32.907,33.61,8,0,4.12,EG,1681932619
412,zigong,29.3416,104.7769,22.44,83,100,4.41,CN,1681932619
413,kaltan,53.5347,87.2457,-4.4,86,100,5.71,RU,1681932619
414,cabedelo,-6.9811,-34.8339,30.37,76,60,3.92,BR,1681932433
415,asau,46.4333,26.4,9.6,94,91,1.87,RO,1681932620
416,zeya,53.75,127.2667,-3.3,77,100,2.46,RU,1681932620
417,belmonte,-15.8631,-38.8828,27.83,81,2,3.22,BR,1681932620
418,mukalla,14.5425,49.1242,26.93,77,0,0.99,YE,1681932620
419,lompoc,34.6391,-120.4579,21.68,52,20,7.72,US,1681932449
420,beloyarskiy,63.7119,66.6722,-1.21,97,100,2.28,RU,1681932621
421,pozega,45.3403,17.6853,11.54,94,96,1.38,HR,1681932621
422,sunrise manor,36.2111,-115.0731,19.29,12,20,8.75,US,1681932621
423,fale old settlement,-9.3852,-171.2468,27.93,72,100,2.21,TK,1681932415
424,chinchilla,-26.75,150.6333,14.62,77,3,1.96,AU,1681932621
425,nyurba,63.2842,118.3319,-16.3,98,72,1.78,RU,1681932622
426,tarko-sale,64.9225,77.785,-10.43,94,100,3.27,RU,1681932622
427,salinopolis,-0.6136,-47.3561,25.42,90,100,2.29,BR,1681932495
428,leer,53.2316,7.461,9.96,54,0,4.06,DE,1681932622
429,mount isa,-20.7333,139.5,20.87,35,100,4.63,AU,1681932444
430,selfoss,63.9331,-20.9971,9.82,91,100,4.5,IS,1681932432
431,kavali,14.9167,79.9833,26.54,71,3,2.69,IN,1681932622
432,wotho,10.1657,166.0102,26.78,82,99,8.69,MH,1681932420
433,porto novo,6.4965,2.6036,27.9,74,52,3.02,BJ,1681932436
434,bijie,27.3125,105.2942,16.51,84,86,2.7,CN,1681932623
435,tsengel,49.4783,100.8894,-5.43,45,54,0.85,MN,1681932623
436,la reforma,25.0833,-108.05,26.46,50,100,4.42,MX,1681932623
437,tarlungeni,45.6333,25.75,7.71,20,100,1.15,RO,1681932623
438,lensk,60.7253,114.9278,-6.02,84,100,2.69,RU,1681932471
439,nekrasovskoye,57.6766,40.3657,4.94,65,0,0.0,RU,1681932624
440,acarau,-2.8856,-40.12,27.9,80,100,2.67,BR,1681932574
441,praia da vitoria,38.7333,-27.0667,13.14,100,40,8.93,PT,1681932322
442,cadale,2.7603,46.3222,27.32,79,100,2.93,SO,1681932624
443,sanya,18.2431,109.505,27.09,83,0,2.0,CN,1681932624
444,moses lake,47.1301,-119.2781,12.71,40,20,6.69,US,1681932402
445,smithers,54.7804,-127.1743,6.18,70,20,2.57,CA,1681932625
446,galliano,29.4422,-90.2992,26.67,50,0,4.63,US,1681932624
447,black point,-34.6187,137.8972,12.58,72,3,1.75,AU,1681932625
448,dombarovskiy,50.7587,59.5386,5.89,77,69,3.04,RU,1681932625
449,san patricio,28.017,-97.5169,27.71,65,100,8.08,US,1681932419
450,bandar-e genaveh,29.5791,50.517,24.97,36,99,1.3,IR,1681932626
451,dongsheng,39.8161,109.9776,5.9,29,100,6.84,CN,1681932626
452,christchurch,-43.5333,172.6333,14.39,85,100,5.66,NZ,1681932334
453,jean-rabel,19.8533,-73.1917,26.34,72,0,3.6,HT,1681932626
454,bubaque,11.2833,-15.8333,26.09,68,34,7.86,GW,1681932627
455,quzhou,28.9594,118.8686,19.73,94,100,2.84,CN,1681932627
456,ndende,-2.4008,11.3581,24.8,94,100,0.81,GA,1681932627
457,phan rang-thap cham,11.5667,108.9833,24.72,70,57,1.7,VN,1681932627
458,port saint john's,-31.6229,29.5448,23.44,48,0,4.08,ZA,1681932441
459,bayanhongor,46.7167,100.1167,-7.69,23,41,0.39,MN,1681932628
460,sandnessjoen,66.0217,12.6316,7.29,89,75,4.12,NO,1681932628
461,puerto colombia,10.9878,-74.9547,32.05,80,82,9.2,CO,1681932628
462,camiri,-20.05,-63.5167,23.88,64,75,0.0,BO,1681932628
463,isfana,39.8386,69.5306,5.31,51,9,0.78,KG,1681932628
464,sao tome,0.3365,6.7273,28.47,78,100,2.65,ST,1681932405
465,vila franca do campo,37.7167,-25.4333,17.23,86,100,10.5,PT,1681932418
466,kingston,17.997,-76.7936,30.12,78,40,8.23,JM,1681932277
467,usogorsk,63.4106,48.6872,-0.79,89,100,2.41,RU,1681932418
468,meulaboh,4.1363,96.1285,23.15,96,100,2.85,ID,1681932629
469,egersund,58.4513,5.9997,7.58,78,0,2.54,NO,1681932629
470,zhezqazghan,47.7833,67.7667,7.86,54,97,3.18,KZ,1681932629
471,puerto armuelles,8.2833,-82.8667,32.99,61,100,3.81,PA,1681932629
472,talara,-4.5772,-81.2719,31.42,62,0,5.14,PE,1681932629
473,kurskaya,44.05,44.45,8.2,80,86,3.79,RU,1681932629
474,san antonio de pale,-1.4014,5.6325,28.52,81,100,5.45,GQ,1681932402
475,nouadhibou,20.931,-17.0347,20.99,78,55,8.23,MR,1681932630
476,kargopol',61.5071,38.9456,0.23,100,100,1.33,RU,1681932630
477,lerwick,60.1545,-1.1494,9.0,82,10,1.88,GB,1681932630
478,constitucion,-35.3333,-72.4167,14.3,82,100,10.49,CL,1681932630
479,khandyga,62.6667,135.6,-5.47,95,100,1.34,RU,1681932630
480,northam,51.0333,-4.2167,13.12,76,20,8.35,GB,1681932449
481,mahina,-17.5065,-149.489,28.87,70,75,2.06,PF,1681932481
482,muscat,23.6139,58.5922,29.01,68,99,1.18,OM,1681932630
483,adrar,20.5022,-10.0711,30.16,15,100,4.52,MR,1681932630
484,lodja,-3.4833,23.4333,23.33,84,100,1.2,CD,1681932420
485,kokopo,-4.352,152.2633,24.67,87,52,2.5,PG,1681932466
486,le port,-20.9373,55.2919,25.0,93,51,9.26,RE,1681932631
487,menongue,-14.6585,17.691,18.77,65,1,1.9,AO,1681932631
488,vallenar,-28.5708,-70.7581,30.54,15,0,3.99,CL,1681932453
489,dolores,-36.3132,-57.6792,16.32,46,3,7.34,AR,1681932631
490,cidreira,-30.1811,-50.2056,19.39,42,56,7.43,BR,1681932449
491,smara,26.7384,-11.6719,21.17,47,52,7.89,EH,1681932631
492,genhe,50.7833,121.5167,-2.49,94,100,5.73,CN,1681932631
493,guozhen,34.3659,107.359,15.75,30,83,2.49,CN,1681932631
494,pader palwo,2.8006,33.135,22.71,70,100,1.23,UG,1681932632
495,shenjiamen,29.9576,122.298,15.18,96,100,4.05,CN,1681932632
496,luanda,-8.8368,13.2343,28.0,83,75,4.12,AO,1681932465
497,selkirk,50.1436,-96.8845,1.16,85,100,8.49,CA,1681932619
498,burutu,5.3509,5.5076,27.16,83,100,3.09,NG,1681932632
499,mount gambier,-37.8333,140.7667,10.48,88,99,2.09,AU,1681932479
500,antalaha,-14.9003,50.2788,24.85,86,0,3.99,MG,1681932632
501,watsa,3.0372,29.5355,19.72,81,100,1.64,CD,1681932633
502,pasuquin,18.3328,120.6177,27.56,82,33,5.03,PH,1681932633
503,yanam,16.7333,82.2167,25.25,85,10,0.44,IN,1681932633
504,erdaojiang,41.7764,126.0319,11.63,43,100,2.34,CN,1681932633
505,holualoa,19.6228,-155.9522,22.91,93,100,10.8,US,1681932633
506,nogliki,51.8333,143.1667,-1.69,94,87,3.59,RU,1681932473
507,ardakan,32.31,54.0175,20.38,19,0,2.71,IR,1681932633
508,lodwar,3.1191,35.5973,30.46,48,31,6.62,KE,1681932633
509,ribeira brava,32.65,-17.0667,19.84,75,20,3.26,PT,1681932633
510,kentau,43.5206,68.5094,5.62,38,0,5.6,KZ,1681932634
511,nadym,65.5333,72.5167,-14.54,90,67,2.67,RU,1681932466
512,baoqing,46.3317,132.2111,8.81,54,100,4.9,CN,1681932634
513,qamdo,31.1667,97.2333,3.17,48,6,2.38,CN,1681932475
514,terrace,54.5163,-128.6035,8.95,57,75,5.14,CA,1681932619
515,soritor,-6.1392,-77.1039,27.01,70,74,1.28,PE,1681932634
516,kurchum,48.5722,83.6542,-2.92,70,5,4.03,KZ,1681932634
517,east london,-33.0153,27.9116,27.2,32,9,4.11,ZA,1681932408
518,akdagmadeni,39.6603,35.8836,10.44,73,100,2.16,TR,1681932634
519,almeirim,-1.5233,-52.5817,27.43,75,88,2.12,BR,1681932635
520,lae,-6.7221,146.9847,25.37,96,100,0.86,PG,1681932635
521,mata-utu,-13.2816,-176.1745,28.6,73,100,5.75,WF,1681932430
522,grande prairie,55.1667,-118.8027,3.1,70,100,3.6,CA,1681932626
523,tambacounda,13.7539,-13.7586,40.03,16,0,4.12,SN,1681932358
524,tromso,69.6496,18.957,6.01,87,75,5.66,NO,1681932528
525,saint-pierre,-21.3393,55.4781,24.82,78,75,1.54,RE,1681932635
526,kattivakkam,13.2167,80.3167,29.48,89,5,4.12,IN,1681932635
527,vitre,48.1178,-1.2058,15.49,92,13,4.26,FR,1681932635
528,lesnoy,57.6198,63.0784,-0.28,59,0,2.1,RU,1681932635
529,santa terezinha,-29.9002,-50.0904,15.99,57,74,4.9,BR,1681932635
530,kiruna,67.8557,20.2251,4.51,75,75,4.12,SE,1681932635
531,guanica,17.9716,-66.908,30.29,68,8,7.12,PR,1681932635
532,yoakum,29.2878,-97.1519,28.08,61,100,8.0,US,1681932636
533,wanning,18.8003,110.3967,25.59,95,15,5.01,CN,1681932404
534,wakkanai,45.4094,141.6739,5.82,91,100,7.6,JP,1681932429
535,priozersk,61.0393,30.1291,0.61,86,100,0.4,RU,1681932636
536,samitah,16.596,42.9444,30.97,58,0,0.62,SA,1681932636
537,arno,60.1167,18.6333,2.66,80,8,2.4,SE,1681932317
538,sitka,57.0531,-135.33,9.94,46,40,3.09,US,1681932413
539,moose jaw,50.4001,-105.5344,-0.86,93,100,10.29,CA,1681932538
540,zaozersk,69.4005,32.4476,2.93,93,100,8.46,RU,1681932420
541,ajaccio,42.0,8.9167,12.03,67,0,1.03,FR,1681932636
542,sabzevar,36.2126,57.6819,15.75,15,0,4.25,IR,1681932636
543,hanzhong,33.0728,107.0303,20.5,77,72,2.6,CN,1681932636
544,sarmiento,-45.5882,-69.07,19.54,49,100,16.53,AR,1681932637
545,kutum,14.2,24.6667,27.3,12,0,3.62,SD,1681932637
546,luau,-10.7073,22.2247,21.39,77,84,1.53,AO,1681932637
547,formosa do rio preto,-11.0483,-45.1931,29.45,52,100,2.05,BR,1681932637
548,port blair,11.6667,92.75,26.78,84,18,2.89,IN,1681932637
549,boden,65.8252,21.6886,5.0,100,100,1.34,SE,1681932637
550,polyarnyy,69.1989,33.4478,3.17,92,100,8.17,RU,1681932434
551,boguchany,58.3814,97.4531,-8.01,94,100,1.6,RU,1681932637
552,mirnyy,62.5353,113.9611,-5.98,48,100,5.81,RU,1681932637
553,kittila,67.6647,24.8936,7.08,65,0,5.14,FI,1681932460
554,ad douiem,14.0012,32.3116,31.05,7,0,4.34,SD,1681932637
555,kenai,60.5544,-151.2583,3.05,60,0,3.09,US,1681932435
556,luderitz,-26.6481,15.1594,16.97,75,100,3.02,NA,1681932471
557,kone,-21.0595,164.8658,20.9,92,3,0.35,NC,1681932475
